{"course":{"0":"IE 643","1":"CS 726","2":"CS 748","3":"IE 663","4":"CS 767","5":"CS 781","6":"ME 781","7":"EE 782"},"2022":{"0":5.319587629,"1":7.52293578,"2":8.8,"3":4.75,"4":4.0,"5":7.166666667,"6":5.879069767,"7":0.0},"2023":{"0":4.760330579,"1":7.773809524,"2":0.0,"3":0.0,"4":8.181818182,"5":7.5,"6":7.195219124,"7":8.179775281}}