{
    "departments": [
        "AE",
        "CE",
        "CL",
        "CS",
        "DE",
        "EC",
        "EE",
        "EN",
        "ENT",
        "ES",
        "ME",
        "MM",
        "PH",
        "BB",
        "CH"
    ],
    "average_lab_grades": [
        8.18,
        8.39,
        7.78,
        7.53,
        8.44,
        7.57,
        8.05,
        8.51,
        8.52,
        8.46,
        8.69,
        8.56,
        8.48,
        8.45,
        9.05
    ],
    "color_values": [
        8.180813036184949,
        8.38670493161523,
        7.776468650666103,
        7.532181922653794,
        8.43869147086407,
        7.569556067473874,
        8.047444135280314,
        8.506064598334554,
        8.52233833839925,
        8.456715507083944,
        8.69005200193643,
        8.556581430880346,
        8.475378888976762,
        8.4467831300135,
        9.053031022926133
    ]
}