{
    "year": [
        "2020",
        "2021",
        "2022",
        "2023"
    ],
    "student_sem1": [
        7.832329317269076,
        7.68,
        7.5909810126582276,
        7.404684975767367
    ],
    "student_sem2": [
        8.26,
        6.99,
        7.23,
        7.1578544061302685
    ]
}