{"course":{"0":"CS 337","1":"CS 419","2":"CS 335","3":"CS 747","4":"DS 203","5":"DS 303"},"2022":{"0":8.3770491803,"1":7.935483871,"2":8.5,"3":6.3482142857,"4":8.1586206897,"5":7.289017341},"2023":{"0":7.2010050251,"1":7.6330275229,"2":7.7386934673,"3":6.34,"4":7.174563591,"5":6.8595505618}}