{"course":{"0":"CS 726","1":"CS 767","2":"CS 781","3":"ME 781"},"2022":{"0":7.5229357798,"1":4.0,"2":7.1666666667,"3":5.8790697674},"2023":{"0":7.7738095238,"1":8.1818181818,"2":7.5,"3":7.1952191235}}