{"Course":{"0":"AE","1":"CE","2":"CL","3":"CS","4":"DS","5":"EC","6":"EE","7":"EN","8":"ES","9":"HS","10":"DE","11":"ME","12":"MM","13":"PH","14":"SC"},"AP":{"0":0.1191895113,"1":0.4331348132,"2":0.4897159647,"3":0.7518796992,"4":0.0,"5":0.0,"6":0.1732351667,"7":0.0,"8":0.0,"9":0.3618817853,"10":0.0,"11":0.4408817635,"12":0.2472187886,"13":0.6451612903,"14":0.0},"AA":{"0":17.2824791418,"1":16.459122902,"2":7.63956905,"3":21.9119226638,"4":1.6853932584,"5":17.8707224335,"6":21.1779991338,"7":14.7826086957,"8":17.7011494253,"9":12.0627261761,"10":20.2352941176,"11":22.8456913828,"12":15.4511742892,"13":18.7096774194,"14":15.0},"AB":{"0":21.9308700834,"1":21.3318895506,"2":14.5935357493,"3":19.2266380236,"4":12.9213483146,"5":21.2927756654,"6":20.6582936336,"7":14.2608695652,"8":26.4367816092,"9":21.3510253317,"10":31.7647058824,"11":24.3286573146,"12":18.6650185414,"13":15.4838709677,"14":15.0},"BB":{"0":21.2157330155,"1":16.5132647537,"2":20.8619000979,"3":19.4414607948,"4":20.7865168539,"5":21.2927756654,"6":19.4889562581,"7":20.8695652174,"8":22.5287356322,"9":22.0747889023,"10":28.7058823529,"11":19.4388777555,"12":17.3671199011,"13":26.4516129032,"14":35.0},"BC":{"0":15.3754469607,"1":13.2106118029,"2":20.4701273262,"3":13.1578947368,"4":26.404494382,"5":18.6311787072,"6":17.0636639238,"7":15.8260869565,"8":12.183908046,"9":19.9034981906,"10":6.8235294118,"11":12.625250501,"12":13.4116192831,"13":12.9032258065,"14":30.0},"CC":{"0":8.3432657926,"1":9.7996751489,"2":14.2997061704,"3":11.0633727175,"4":20.2247191011,"5":9.1254752852,"6":8.6184495453,"7":14.0869565217,"8":10.1149425287,"9":9.1676718938,"10":5.1764705882,"11":7.6553106212,"12":10.4449938195,"13":5.8064516129,"14":5.0},"CD":{"0":5.7210965435,"1":8.1212777477,"2":8.2272282076,"3":5.8002148228,"4":12.9213483146,"5":6.0836501901,"6":6.1065396275,"7":7.8260869565,"8":4.1379310345,"9":10.9770808203,"10":2.1176470588,"11":4.7695390782,"12":5.8714462299,"13":9.0322580645,"14":0.0},"DD":{"0":4.6483909416,"1":6.2804547916,"2":7.7375122429,"3":4.1353383459,"4":3.9325842697,"5":4.9429657795,"6":3.984408835,"7":5.7391304348,"8":3.2183908046,"9":2.7744270205,"10":1.4117647059,"11":4.7294589178,"12":6.1186650185,"13":7.0967741935,"14":0.0},"FR":{"0":5.0059594756,"1":7.2008662696,"2":4.7012732615,"3":4.2427497315,"4":0.5617977528,"5":0.0,"6":2.2953659593,"7":5.9130434783,"8":2.9885057471,"9":0.9650180941,"10":2.1176470588,"11":1.9639278557,"12":2.7812113721,"13":0.0,"14":0.0}}