{
    "Course": {
        "0": "AE",
        "1": "CE",
        "2": "CH",
        "3": "CL",
        "4": "CS",
        "5": "DS",
        "6": "EC",
        "7": "EE",
        "8": "EN",
        "9": "ES",
        "10": "HS",
        "11": "DE",
        "12": "ME",
        "13": "MM",
        "14": "PH",
        "15": "MA",
        "16": "SC"
    },
    "AP": {
        "0": 0.3916449086,
        "1": 0.7046764894,
        "2": 0.0,
        "3": 0.5417956656,
        "4": 0.4520166898,
        "5": 0.9975062344,
        "6": 0.0,
        "7": 0.4909180167,
        "8": 0.2680965147,
        "9": 0.0,
        "10": 0.0,
        "11": 0.0,
        "12": 0.6869479882,
        "13": 0.2846975089,
        "14": 0.0,
        "15": 2.0833333333,
        "16": 0.0
    },
    "AA": {
        "0": 16.0574412533,
        "1": 15.8872517617,
        "2": 33.5820895522,
        "3": 10.6037151703,
        "4": 11.6133518776,
        "5": 7.4812967581,
        "6": 11.2244897959,
        "7": 15.7584683358,
        "8": 14.4772117962,
        "9": 4.2448173741,
        "10": 0.5121638924,
        "11": 32.874536792,
        "12": 14.9656526006,
        "13": 17.793594306,
        "14": 33.1196581197,
        "15": 15.0,
        "16": 30.0
    },
    "AB": {
        "0": 19.1906005222,
        "1": 13.9013452915,
        "2": 23.1343283582,
        "3": 18.3436532508,
        "4": 17.8720445063,
        "5": 14.7132169576,
        "6": 19.387755102,
        "7": 22.6804123711,
        "8": 18.4986595174,
        "9": 4.0473840079,
        "10": 0.1280409731,
        "11": 40.1270513499,
        "12": 28.4592737978,
        "13": 19.2170818505,
        "14": 14.3162393162,
        "15": 19.1666666667,
        "16": 15.0
    },
    "BB": {
        "0": 22.0626631854,
        "1": 16.463805253,
        "2": 12.6865671642,
        "3": 20.2012383901,
        "4": 20.6536856745,
        "5": 25.187032419,
        "6": 22.1088435374,
        "7": 23.8095238095,
        "8": 20.9115281501,
        "9": 5.2319842053,
        "10": 0.2560819462,
        "11": 11.9110640551,
        "12": 20.1668302257,
        "13": 14.8042704626,
        "14": 17.094017094,
        "15": 15.0,
        "16": 10.0
    },
    "BC": {
        "0": 14.6214099217,
        "1": 15.8231902627,
        "2": 13.0597014925,
        "3": 17.5696594427,
        "4": 17.6981919332,
        "5": 23.9401496259,
        "6": 18.0272108844,
        "7": 15.3166421208,
        "8": 13.9410187668,
        "9": 5.0345508391,
        "10": 0.3841229193,
        "11": 7.5701429328,
        "12": 14.0333660451,
        "13": 13.2384341637,
        "14": 11.5384615385,
        "15": 13.75,
        "16": 30.0
    },
    "CC": {
        "0": 10.0522193211,
        "1": 11.5951313261,
        "2": 7.0895522388,
        "3": 13.080495356,
        "4": 13.8038942976,
        "5": 14.463840399,
        "6": 9.5238095238,
        "7": 9.6710849288,
        "8": 9.6514745308,
        "9": 2.7640671273,
        "10": 0.0,
        "11": 3.970354685,
        "12": 8.2433758587,
        "13": 8.896797153,
        "14": 8.1196581197,
        "15": 8.75,
        "16": 5.0
    },
    "CD": {
        "0": 6.2663185379,
        "1": 8.8404868674,
        "2": 1.8656716418,
        "3": 5.4179566563,
        "4": 8.4144645341,
        "5": 5.4862842893,
        "6": 6.8027210884,
        "7": 6.7255768287,
        "8": 9.3833780161,
        "9": 2.3692003949,
        "10": 0.0,
        "11": 1.2175754367,
        "12": 4.1707556428,
        "13": 6.2633451957,
        "14": 8.547008547,
        "15": 8.3333333333,
        "16": 0.0
    },
    "DD": {
        "0": 4.046997389,
        "1": 6.9186418962,
        "2": 3.7313432836,
        "3": 6.1145510836,
        "4": 5.6675938804,
        "5": 4.2394014963,
        "6": 5.7823129252,
        "7": 3.7800687285,
        "8": 5.0938337802,
        "9": 1.1846001974,
        "10": 0.0,
        "11": 0.9528851244,
        "12": 4.0726202159,
        "13": 5.1957295374,
        "14": 4.9145299145,
        "15": 8.75,
        "16": 10.0
    },
    "FR": {
        "0": 5.3524804178,
        "1": 9.7373478539,
        "2": 4.4776119403,
        "3": 7.5851393189,
        "4": 3.0945757997,
        "5": 3.2418952618,
        "6": 4.0816326531,
        "7": 1.4236622484,
        "8": 7.5067024129,
        "9": 0.2961500494,
        "10": 0.0,
        "11": 1.1646373743,
        "12": 3.974484789,
        "13": 4.1992882562,
        "14": 2.3504273504,
        "15": 4.5833333333,
        "16": 0.0
    }
}