{
    "departments": [
        "CL",
        "AE",
        "MM",
        "CS",
        "DE",
        "EE",
        "CE",
        "PH",
        "ME",
        "MA",
        "CH"
    ],
    "A_B": [
        29.76,
        47.93,
        18.67,
        83.59,
        24.1,
        42.59,
        31.22,
        24.39,
        90.625,
        28.33,
        60.34
    ],
    "Average_Grade": [
        7.136904761904762,
        8.066115702479339,
        6.397590361445783,
        9.177383592017739,
        7.394136807817589,
        7.803114013058765,
        6.972850678733032,
        7.022514071294559,
        9.53125,
        7.258333333333334,
        8.206896551724139
    ]
}